--Families
INSERT INTO Families VALUES(1,'Salem',4);
INSERT INTO Families VALUES(2,'Franklin',3);
INSERT INTO Families VALUES(3,'Hudson',6);
INSERT INTO Families VALUES(4,'Crawford',5);
INSERT INTO Families VALUES(5,'Stanley',3);
--5
INSERT INTO Families VALUES(6,'Holmes',7);
INSERT INTO Families VALUES(7,'Osborne',3);
INSERT INTO Families VALUES(8,'Daniel',2);
INSERT INTO Families VALUES(9,'Hahn',5);
INSERT INTO Families VALUES(10,'Macias',4);
--10

--Customers
INSERT INTO Customers VALUES (1,'Joe Salem',TO_DATE('01-12-1985','MM-DD-YYYY'),'Male','Married','Engineer','123-44-3319','Y','mark@gmail.com',1);
INSERT INTO Customers VALUES (2,'Celyn Hudson',TO_DATE('10-15-1984','MM-DD-YYYY'),'Male','Single','Lifeguard','123-44-3318','Y','Celyn@gmail.com',3);
INSERT INTO Customers VALUES (3,'Miles Holmes',TO_DATE('03-02-1975','MM-DD-YYYY'),'Male','Single','Flying Instructor','123-44-3317','Y','Miles@gmail.com',6);
INSERT INTO Customers VALUES (4,'Shaun Holder',TO_DATE('05-12-1962','MM-DD-YYYY'),'Male','Single','Dietician','123-44-3316','Y','Shaun@gmail.com',null);
INSERT INTO Customers VALUES (5,'Alix Benton',TO_DATE('08-30-1998','MM-DD-YYYY'),'Male','Married','Clockmaker','123-44-3315','Y','Alix@gmail.com',null);
--5
INSERT INTO Customers VALUES (6,'Riyad Crawford',TO_DATE('05-19-1965','MM-DD-YYYY'),'Male','Married','Clown','123-44-3314','Y','Riyad@gmail.com',4);
INSERT INTO Customers VALUES (7,'Mohamad Reid',TO_DATE('07-15-1978','MM-DD-YYYY'),'Male','Single','Computer analyst','123-44-3313','Y','Mohamad@gmail.com',null);
INSERT INTO Customers VALUES (8,'Fergus Holmes',TO_DATE('09-01-1988','MM-DD-YYYY'),'Male','Married','Lifeguard','123-44-3312','Y','Fergus@gmail.com',6);
INSERT INTO Customers VALUES (9,'Mica Trejo',TO_DATE('02-12-1989','MM-DD-YYYY'),'Male','Single','Road sweeper','123-44-3311','Y','Mica@gmail.com',null);
INSERT INTO Customers VALUES (10,'Kane Gregory',TO_DATE('11-15-1983','MM-DD-YYYY'),'Male','Married','Historian','123-44-3310','Y','kane@gmail.com',null);
--10
INSERT INTO Customers VALUES (11,'Ayva Trevino',TO_DATE('03-12-1995','MM-DD-YYYY'),'Female','Single','Brewer','123-44-3320','Y','ayva@gmail.com',1);
INSERT INTO Customers VALUES (12,'Scarlet Hudson',TO_DATE('04-12-2000','MM-DD-YYYY'),'Male','Married','Firefighter','123-44-3321','Y','scarlet@gmail.com',3);
INSERT INTO Customers VALUES (13,'Kyal Franklin',TO_DATE('05-12-1986','MM-DD-YYYY'),'Male','Single','Technician','123-44-3322','Y','kyal@gmail.com',2);
INSERT INTO Customers VALUES (14,'Clarence Samuels',TO_DATE('09-12-1995','MM-DD-YYYY'),'Male','Single','Groom','123-44-3323','Y','Clarencece@gmail.com',null);
INSERT INTO Customers VALUES (15,'Prisha Stanley',TO_DATE('07-12-1967','MM-DD-YYYY'),'Female','Married','Minister','123-44-3324','Y','prisha@gmail.com',5);
--15
INSERT INTO Customers VALUES (16,'Mandy Osborne',TO_DATE('01-01-1981','MM-DD-YYYY'),'Female','Single','Bookmaker','123-44-3325','Y','Mandy@gmail.com',7);
INSERT INTO Customers VALUES (17,'Aisling Osborne',TO_DATE('02-02-1980','MM-DD-YYYY'),'Female','Single','Jockey','123-44-3326','Y','Aisling@gmail.com',7);
INSERT INTO Customers VALUES (18,'Sayed Osborne',TO_DATE('03-13-1987','MM-DD-YYYY'),'Male','Married','Casual Worker','123-44-3327','Y','Sayed@gmail.com',7);
INSERT INTO Customers VALUES (19,'Hywel Daniel',TO_DATE('09-18-1995','MM-DD-YYYY'),'Male','Single','Tour guide','123-44-3328','Y','Hywel@gmail.com',8);
INSERT INTO Customers VALUES (20,'Niamh Hahn',TO_DATE('10-26-1986','MM-DD-YYYY'),'Male','Married','Chiropractor','123-44-3329','Y','Niamh@gmail.com',9);
--20
INSERT INTO Customers VALUES (21,'Christos Macias',TO_DATE('12-14-1992','MM-DD-YYYY'),'Male','Single','Anthropologist','123-44-3330','Y','Christos@gmail.com',10);
INSERT INTO Customers VALUES (22,'Homer Macias',TO_DATE('11-12-1979','MM-DD-YYYY'),'Male','Married','Police Officer','123-44-3331','Y','Homer@gmail.com',10);
INSERT INTO Customers VALUES (23,'Tristan Hamer',TO_DATE('06-17-1988','MM-DD-YYYY'),'Male','Single','Magician','123-44-3332','Y','Tristan@gmail.com',null);
INSERT INTO Customers VALUES (24,'Ashwin Lester',TO_DATE('05-02-1983','MM-DD-YYYY'),'Male','Married','Fitness Instructor','123-44-3333','Y','Ashwin@gmail.com',null);
INSERT INTO Customers VALUES (25,'Kaiden Snider',TO_DATE('04-24-1975','MM-DD-YYYY'),'Male','Single','Engineer','123-44-3334','Y','Kaiden@gmail.com',null);
--25

--Addresses
INSERT INTO Addresses VALUES(1,'Newport Avenue','187A','Lilburn','GA','30047');
INSERT INTO Addresses VALUES(2,'La Sierra Circle','27B','Monroeville','NJ','23455');
INSERT INTO Addresses VALUES(3,'Shirley Street','10334','Little Falls','NY','83636');
INSERT INTO Addresses VALUES(4,'High Ridge Street','22345','Charlottesville','VA','86748');
INSERT INTO Addresses VALUES(5,'High Point Street','1234','Northville','MI','20285');
--5
INSERT INTO Addresses VALUES(6,'Tarkiln Hill','2435','Savannah','GA','98763');
INSERT INTO Addresses VALUES(7,'Marshall Avenue','2345C','Longview','TX','37495');
INSERT INTO Addresses VALUES(8,'4th street','4355','Canandaigua','NY','30047');
INSERT INTO Addresses VALUES(9,'Brandywine Street','6543','Park Forest','IL','27485');
INSERT INTO Addresses VALUES(10,'Clinton street','3215','Campbell','CA','87638');
--10
INSERT INTO Addresses VALUES(11,'Arcadia Lane','76543','Matawan','GA','23543');
INSERT INTO Addresses VALUES(12,'Del Monte Street','98765','Fairfax','VA','936365');
INSERT INTO Addresses VALUES(13,'Riverside Avenue','76534','Loudoun','VA','84635');
INSERT INTO Addresses VALUES(14,'Griffin Court','234532','Blacksburg','VA','28475');
INSERT INTO Addresses VALUES(15,'Elm Avenue','2432','Charleston','SC','31047');
--15
INSERT INTO Addresses VALUES(16,'Queen Lane','2345','Muncie','IN','32456');
INSERT INTO Addresses VALUES(17,'Greenview Street','65436','Macungie','PA','56774');
INSERT INTO Addresses VALUES(18,'Plumb Street','83995','Brownsburg','IN','33367');
INSERT INTO Addresses VALUES(19,'Pawnee Avenue','93756','Wallingford','CT','76542');
INSERT INTO Addresses VALUES(20,'Myers Street','543B','Knoxville','TN','34874');
--20
INSERT INTO Addresses VALUES(21,'Johnson Lane','9375','Palm Beach','FL','90324');
INSERT INTO Addresses VALUES(22,'Dogwood Avenue','54345','Brooklyn','NY','34563');
INSERT INTO Addresses VALUES(23,'Shore Street','87234','Howell','NJ','22222');
INSERT INTO Addresses VALUES(24,'Arrowhead Street','76523','Norwich','CT','46221');
INSERT INTO Addresses VALUES(25,'Virginia Avenue','23456','Fairfax','IA','10358');
--25
INSERT INTO Addresses VALUES(1,'El Dorado Road','23467','St Joseph','MI','23564');
INSERT INTO Addresses VALUES(2,'San Carlos Street','23461','Annapolis','MD','44225');
INSERT INTO Addresses VALUES(3,'Mayfair Street','76525','Middleton','WI','57689');
INSERT INTO Addresses VALUES(4,'James Drive','45894','Chillicothe','OH','87032');
INSERT INTO Addresses VALUES(5,'Adams Avenue','8860B','Osseo','MN','54674');
--multiple addr

--phones
INSERT INTO Phones VALUES(1,'1234567890','work');
INSERT INTO Phones VALUES(2,'1234567891','home');
INSERT INTO Phones VALUES(3,'1234567892','cell');
INSERT INTO Phones VALUES(4,'1234567893','work');
INSERT INTO Phones VALUES(5,'1234567894','home');
--5
INSERT INTO Phones VALUES(6,'1234567895','home');
INSERT INTO Phones VALUES(7,'1234567896','cell');
INSERT INTO Phones VALUES(8,'1234567897','home');
INSERT INTO Phones VALUES(9,'1234567898','cell');
INSERT INTO Phones VALUES(10,'1234567899','work');
--10
INSERT INTO Phones VALUES(11,'1234567810','work');
INSERT INTO Phones VALUES(12,'1234567820','home');
INSERT INTO Phones VALUES(13,'1234567830','home');
INSERT INTO Phones VALUES(14,'1234567840','cell');
INSERT INTO Phones VALUES(15,'1234567850','work');
--15
INSERT INTO Phones VALUES(16,'1234167860','cell');
INSERT INTO Phones VALUES(17,'1234567870','home');
INSERT INTO Phones VALUES(18,'1234567880','home');
INSERT INTO Phones VALUES(19,'1234567890','work');
INSERT INTO Phones VALUES(20,'1234567190','cell');
--20
INSERT INTO Phones VALUES(21,'1234567290','cell');
INSERT INTO Phones VALUES(22,'1234567390','work');
INSERT INTO Phones VALUES(23,'1234567490','cell');
INSERT INTO Phones VALUES(24,'1234567590','home');
INSERT INTO Phones VALUES(25,'1234567690','home');
--25
INSERT INTO Phones VALUES(1,'1234567790','home');
INSERT INTO Phones VALUES(2,'1234567990','cell');
INSERT INTO Phones VALUES(3,'1234567900','home');
INSERT INTO Phones VALUES(4,'1234561890','work');
INSERT INTO Phones VALUES(5,'1234562890','cell');
--multiple phones

--Login
INSERT INTO Login VALUES(1,'msalem','awefjkje');
INSERT INTO Login VALUES(2,'aboutjan','AJfue8Ik');
INSERT INTO Login VALUES(3,'forlifedd','dsfe456');
INSERT INTO Login VALUES(4,'dothear','oijkrgb8987dS');
INSERT INTO Login VALUES(5,'lasting77','123456');
--5
INSERT INTO Login VALUES(6,'eelgrot','0987654321');
INSERT INTO Login VALUES(7,'leondj','jfieKjfhi');
INSERT INTO Login VALUES(8,'mundela','Thequickbrownfox');
INSERT INTO Login VALUES(9,'lemetel','HelloWorld!');
INSERT INTO Login VALUES(10,'donaldtrump','*&^%$%^&');
--10
INSERT INTO Login VALUES(11,'leventis','13244354647');
INSERT INTO Login VALUES(12,'fiejfie','JHFi8374');
INSERT INTO Login VALUES(13,'jaunde','Jaunde123');
INSERT INTO Login VALUES(14,'linkinka','hJkIkiK9');
INSERT INTO Login VALUES(15,'mrsuper','hahahhaah8');
--15
INSERT INTO Login VALUES(16,'mOsborne','nopassword');
INSERT INTO Login VALUES(17,'mindener','blahblah');
INSERT INTO Login VALUES(18,'trixered','12345678');
INSERT INTO Login VALUES(19,'warrato','1020304050');
INSERT INTO Login VALUES(20,'emidsto','baconno');
--20
INSERT INTO Login VALUES(21,'edgyre','ddiyouknow');
INSERT INTO Login VALUES(22,'aloneg','fdasdfdg');
INSERT INTO Login VALUES(23,'drason','babyfnfsdf');
INSERT INTO Login VALUES(24,'grimthere','98374ngr');
INSERT INTO Login VALUES(25,'verting','whohwefkls');
--25

--Point_Accounts (acct_no, numOfPts, fam_id, %, cid)
INSERT INTO Point_Accounts VALUES('p1',100,1,30,1);
INSERT INTO Point_Accounts VALUES('p2',1000,3,30,2);
INSERT INTO Point_Accounts VALUES('p3',200,6,30,3);
INSERT INTO Point_Accounts VALUES('p4',15,null,30,4);
INSERT INTO Point_Accounts VALUES('p5',160,null,30,5);
--5
INSERT INTO Point_Accounts VALUES('p6',170,4,30,6);
INSERT INTO Point_Accounts VALUES('p7',126,null,30,7);
INSERT INTO Point_Accounts VALUES('p8',160,6,30,8);
INSERT INTO Point_Accounts VALUES('p9',2438,null,30,9);
INSERT INTO Point_Accounts VALUES('p10',192,null,30,10);
--10
INSERT INTO Point_Accounts VALUES('p11',60,1,30,11);
INSERT INTO Point_Accounts VALUES('p12',90,3,30,12);
INSERT INTO Point_Accounts VALUES('p13',400,2,30,13);
INSERT INTO Point_Accounts VALUES('p14',560,null,30,14);
INSERT INTO Point_Accounts VALUES('p15',90,5,30,15);
--15
INSERT INTO Point_Accounts VALUES('p16',104,7,30,16);
INSERT INTO Point_Accounts VALUES('p17',126,7,30,17);
INSERT INTO Point_Accounts VALUES('p18',100,7,30,18);
INSERT INTO Point_Accounts VALUES('p19',13,8,30,19);
INSERT INTO Point_Accounts VALUES('p20',204,9,30,20);
--20
INSERT INTO Point_Accounts VALUES('p21',567,10,30,21);
INSERT INTO Point_Accounts VALUES('p22',104,10,30,22);
INSERT INTO Point_Accounts VALUES('p23',247,null,30,23);
INSERT INTO Point_Accounts VALUES('p24',1056,null,30,24);
INSERT INTO Point_Accounts VALUES('p25',1340,null,30,25);
--25

--Transactions
INSERT INTO Transactions VALUES('t1',TO_DATE('01-11-2020','MM-DD-YYYY'),'12:14:23',59.99,20,'Stephanie Crow','Transaction  1 Description',1,'p1');
INSERT INTO Transactions VALUES('t2',TO_DATE('02-12-2021','MM-DD-YYYY'),'12:14:23',59.99,20,'Stephanie Crow','Transaction  1 Description',2,'p2');
INSERT INTO Transactions VALUES('t3',TO_DATE('03-13-2020','MM-DD-YYYY'),'12:14:23',59.99,20,'Stephanie Crow','Transaction  1 Description',3,'p3');
INSERT INTO Transactions VALUES('t4',TO_DATE('04-14-2022','MM-DD-YYYY'),'12:14:23',59.99,20,'Stephanie Crow','Transaction  1 Description',4,'p4');
INSERT INTO Transactions VALUES('t5',TO_DATE('05-15-2020','MM-DD-YYYY'),'12:14:23',59.99,20,'Stephanie Crow','Transaction  1 Description',5,'p5');
INSERT INTO Transactions VALUES('t6',TO_DATE('06-16-2020','MM-DD-YYYY'),'12:14:23',59.99,20,'Stephanie Crow','Transaction  1 Description',6,'p6');
INSERT INTO Transactions VALUES('t7',TO_DATE('07-17-2020','MM-DD-YYYY'),'12:14:23',59.99,20,'Stephanie Crow','Transaction  1 Description',7,'p7');
INSERT INTO Transactions VALUES('t8',TO_DATE('08-18-2022','MM-DD-YYYY'),'12:14:23',59.99,20,'Stephanie Crow','Transaction  1 Description',8,'p8');
INSERT INTO Transactions VALUES('t9',TO_DATE('09-19-2020','MM-DD-YYYY'),'12:14:23',59.99,20,'Stephanie Crow','Transaction  1 Description',9,'p9');
INSERT INTO Transactions VALUES('t10',TO_DATE('10-10-2021','MM-DD-YYYY'),'12:14:23',59.99,20,'Stephanie Crow','Transaction  1 Description',10,'p10');

--Products
INSERT INTO Products VALUES('prod1', 'vacuum cleaner',69.99,69);
INSERT INTO Products VALUES('prod2', 'mobile phone',399.99,399);
INSERT INTO Products VALUES('prod3', 'computer',999.99,999);
INSERT INTO Products VALUES('prod4', 'tomato',0.39,1);
INSERT INTO Products VALUES('prod5', 'wagon',29.99,29);
INSERT INTO Products VALUES('prod6', 'shirt',19.99,19);
INSERT INTO Products VALUES('prod7', 'jeans',19.99,19);
INSERT INTO Products VALUES('prod8', 'clock',9.99,9);
INSERT INTO Products VALUES('prod9', 'shoes',69.99,69);
INSERT INTO Products VALUES('prod10', 'apple juice',4.99,5);

--Transactions_Products
INSERT INTO Transactions_Products VALUES('t1', 'prod1', 2);
INSERT INTO Transactions_Products VALUES('t1', 'prod3', 5);
INSERT INTO Transactions_Products VALUES('t2', 'prod1', 1);
INSERT INTO Transactions_Products VALUES('t2', 'prod8', 4);
INSERT INTO Transactions_Products VALUES('t4', 'prod10', 2);
INSERT INTO Transactions_Products VALUES('t5', 'prod1', 2);
INSERT INTO Transactions_Products VALUES('t6', 'prod2', 3);
INSERT INTO Transactions_Products VALUES('t7', 'prod3', 2);
INSERT INTO Transactions_Products VALUES('t3', 'prod4', 6);
INSERT INTO Transactions_Products VALUES('t9', 'prod5', 7);
INSERT INTO Transactions_Products VALUES('t10', 'prod3', 1);
INSERT INTO Transactions_Products VALUES('t4', 'prod5', 2);
INSERT INTO Transactions_Products VALUES('t3', 'prod6', 1);
INSERT INTO Transactions_Products VALUES('t3', 'prod7', 1);
INSERT INTO Transactions_Products VALUES('t8', 'prod8', 3);
INSERT INTO Transactions_Products VALUES('t6', 'prod1', 9);

--Cards
INSERT INTO Cards VALUES('c1',TO_DATE('01-01-2027','MM-DD-YYYY'),'V',TO_DATE('01-11-2022','MM-DD-YYYY'),1);
INSERT INTO Cards VALUES('c2',TO_DATE('01-01-2027','MM-DD-YYYY'),'V',TO_DATE('02-12-2022','MM-DD-YYYY'),2);
INSERT INTO Cards VALUES('c3',TO_DATE('01-01-2027','MM-DD-YYYY'),'V',TO_DATE('03-13-2022','MM-DD-YYYY'),3);
INSERT INTO Cards VALUES('c4',TO_DATE('01-01-2027','MM-DD-YYYY'),'V',TO_DATE('04-14-2022','MM-DD-YYYY'),4);
INSERT INTO Cards VALUES('c5',TO_DATE('01-01-2027','MM-DD-YYYY'),'V',TO_DATE('05-15-2022','MM-DD-YYYY'),5);
--5
INSERT INTO Cards VALUES('c6',TO_DATE('01-01-2025','MM-DD-YYYY'),'V',TO_DATE('06-16-2020','MM-DD-YYYY'),6);
INSERT INTO Cards VALUES('c7',TO_DATE('01-01-2025','MM-DD-YYYY'),'V',TO_DATE('07-17-2020','MM-DD-YYYY'),7);
INSERT INTO Cards VALUES('c8',TO_DATE('01-01-2025','MM-DD-YYYY'),'V',TO_DATE('08-18-2020','MM-DD-YYYY'),8);
INSERT INTO Cards VALUES('c9',TO_DATE('01-01-2025','MM-DD-YYYY'),'V',TO_DATE('09-19-2020','MM-DD-YYYY'),9);
INSERT INTO Cards VALUES('c10',TO_DATE('01-01-2025','MM-DD-YYYY'),'V',TO_DATE('10-11-2020','MM-DD-YYYY'),10);
--10
INSERT INTO Cards VALUES('c11',TO_DATE('01-01-2025','MM-DD-YYYY'),'V',TO_DATE('11-21-2020','MM-DD-YYYY'),11);
INSERT INTO Cards VALUES('c12',TO_DATE('01-01-2025','MM-DD-YYYY'),'V',TO_DATE('12-12-2020','MM-DD-YYYY'),12);
INSERT INTO Cards VALUES('c13',TO_DATE('01-01-2025','MM-DD-YYYY'),'V',TO_DATE('01-21-2020','MM-DD-YYYY'),13);
INSERT INTO Cards VALUES('c14',TO_DATE('01-01-2025','MM-DD-YYYY'),'V',TO_DATE('02-28-2020','MM-DD-YYYY'),14);
INSERT INTO Cards VALUES('c15',TO_DATE('01-01-2025','MM-DD-YYYY'),'V',TO_DATE('06-18-2020','MM-DD-YYYY'),15);
--15
INSERT INTO Cards VALUES('c16',TO_DATE('01-01-2026','MM-DD-YYYY'),'V',TO_DATE('06-11-2021','MM-DD-YYYY'),16);
INSERT INTO Cards VALUES('c17',TO_DATE('01-01-2026','MM-DD-YYYY'),'V',TO_DATE('05-12-2021','MM-DD-YYYY'),17);
INSERT INTO Cards VALUES('c18',TO_DATE('01-01-2026','MM-DD-YYYY'),'V',TO_DATE('04-01-2021','MM-DD-YYYY'),18);
INSERT INTO Cards VALUES('c19',TO_DATE('01-01-2026','MM-DD-YYYY'),'V',TO_DATE('03-01-2021','MM-DD-YYYY'),19);
INSERT INTO Cards VALUES('c20',TO_DATE('01-01-2026','MM-DD-YYYY'),'V',TO_DATE('08-29-2021','MM-DD-YYYY'),20);
--20
INSERT INTO Cards VALUES('c21',TO_DATE('01-01-2026','MM-DD-YYYY'),'V',TO_DATE('05-11-2021','MM-DD-YYYY'),21);
INSERT INTO Cards VALUES('c22',TO_DATE('01-01-2026','MM-DD-YYYY'),'V',TO_DATE('06-17-2021','MM-DD-YYYY'),22);
INSERT INTO Cards VALUES('c23',TO_DATE('01-01-2026','MM-DD-YYYY'),'V',TO_DATE('05-13-2021','MM-DD-YYYY'),23);
INSERT INTO Cards VALUES('c24',TO_DATE('01-01-2026','MM-DD-YYYY'),'V',TO_DATE('07-21-2021','MM-DD-YYYY'),24);
INSERT INTO Cards VALUES('c25',TO_DATE('01-01-2026','MM-DD-YYYY'),'V',TO_DATE('09-21-2021','MM-DD-YYYY'),25);
--25
INSERT INTO Cards VALUES('c01',TO_DATE('01-01-2022','MM-DD-YYYY'),'E',TO_DATE('01-04-2017','MM-DD-YYYY'),1);
INSERT INTO Cards VALUES('c02',TO_DATE('01-01-2022','MM-DD-YYYY'),'E',TO_DATE('06-11-2017','MM-DD-YYYY'),2);
INSERT INTO Cards VALUES('c03',TO_DATE('01-01-2022','MM-DD-YYYY'),'E',TO_DATE('12-14-2017','MM-DD-YYYY'),3);
INSERT INTO Cards VALUES('c04',TO_DATE('01-01-2022','MM-DD-YYYY'),'E',TO_DATE('04-16-2017','MM-DD-YYYY'),4);
INSERT INTO Cards VALUES('c05',TO_DATE('01-01-2022','MM-DD-YYYY'),'E',TO_DATE('07-30-2017','MM-DD-YYYY'),5);
--expired

--Branches
INSERT INTO Branches VALUES('b1', 'Fairfax Branch', '9am to 11pm', 'Fairfax');
INSERT INTO Branches VALUES('b2', 'Loudoun Branch', '11am to 9pm', 'Loudoun');
INSERT INTO Branches VALUES('b3', 'Arlington Branch', '8am to 4pm', 'Arlington');

--Offers
INSERT INTO Offers VALUES('o1','buy1get1free',TO_DATE('05-12-2023','MM-DD-YYYY'),'buy 1 get 1 free');
INSERT INTO Offers VALUES('o2','double points',TO_DATE('07-25-2023','MM-DD-YYYY'),'double points on any purchase');
INSERT INTO Offers VALUES('o3','10 additional points',TO_DATE('04-01-2023','MM-DD-YYYY'),'10 additional points on any purchase');
INSERT INTO Offers VALUES('o4','free delivery',TO_DATE('01-01-2023','MM-DD-YYYY'),'free delivery on your items');
INSERT INTO Offers VALUES('o5','buy1gethalfoff',TO_DATE('10-10-2023','MM-DD-YYYY'),'buy 1 get half off next purchase');

--Offers_Branches
INSERT INTO Offers_Branches VALUES('o1','b1');
INSERT INTO Offers_Branches VALUES('o2','b2');
INSERT INTO Offers_Branches VALUES('o3','b3');
INSERT INTO Offers_Branches VALUES('o4','b1');
INSERT INTO Offers_Branches VALUES('o5','b2');

--ExchgCenters
INSERT INTO ExchgCenters VALUES(1, 'Fairfax Exchange Center','Fairfax');
INSERT INTO ExchgCenters VALUES(2, 'Loudoun Exchange Center','Loudoun');
INSERT INTO ExchgCenters VALUES(3, 'Arlington Exchange Center','Arlington');
INSERT INTO ExchgCenters VALUES(4, 'Chantilly Exchange Center','Chantilly');
INSERT INTO ExchgCenters VALUES(5, 'Annandale Exchange Center','Annandale');

--Prizes
INSERT INTO Prizes VALUES(1, 8600,'free trip to hawaii');
INSERT INTO Prizes VALUES(2, 10000,'free trip to canada');
INSERT INTO Prizes VALUES(3, 5000,'win a free car');
INSERT INTO Prizes VALUES(4, 100,'50 dollar gift card');
INSERT INTO Prizes VALUES(5, 2000,'free refrigerator');
--5
INSERT INTO Prizes VALUES(6, 12000,'free trip to korea');
INSERT INTO Prizes VALUES(7, 12000,'free trip to japan');
INSERT INTO Prizes VALUES(8, 400,'win a free backpack');
INSERT INTO Prizes VALUES(9, 80,'20 dollar gift card');
INSERT INTO Prizes VALUES(10, 140,'100 dollar gift card');
--10

--Redemption_History
INSERT INTO Redemption_History VALUES(1,10,TO_DATE('05-12-2022','MM-DD-YYYY'),1,'p1',1);
INSERT INTO Redemption_History VALUES(2,9,TO_DATE('05-12-2022','MM-DD-YYYY'),3,'p2',1);
INSERT INTO Redemption_History VALUES(3,8,TO_DATE('05-12-2022','MM-DD-YYYY'),1,'p3',2);
INSERT INTO Redemption_History VALUES(4,4,TO_DATE('05-12-2022','MM-DD-YYYY'),2,'p4',2);
INSERT INTO Redemption_History VALUES(5,5,TO_DATE('05-12-2022','MM-DD-YYYY'),1,'p5',3);
--
INSERT INTO Redemption_History VALUES(6,6,TO_DATE('05-12-2022','MM-DD-YYYY'),1,'p6',4);
INSERT INTO Redemption_History VALUES(7,2,TO_DATE('05-12-2022','MM-DD-YYYY'),1,'p7',5);
INSERT INTO Redemption_History VALUES(8,3,TO_DATE('05-12-2022','MM-DD-YYYY'),1,'p8',4);
INSERT INTO Redemption_History VALUES(9,1,TO_DATE('05-12-2022','MM-DD-YYYY'),2,'p9',4);
INSERT INTO Redemption_History VALUES(10,1,TO_DATE('05-12-2022','MM-DD-YYYY'),1,'p10',5);
--10

--bryan
--Families
INSERT INTO Families VALUES(11,'Jinping',2);
INSERT INTO Families VALUES(12,'Obama',5);
INSERT INTO Families VALUES(13,'Trump',2);
INSERT INTO Families VALUES(14,'Washington',3);
INSERT INTO Families VALUES(15,'Reagan',6);
INSERT INTO Families VALUES(16,'Carter',4);
INSERT INTO Families VALUES(17,'Lee',6);
INSERT INTO Families VALUES(18,'Roosevelt',7);
INSERT INTO Families VALUES(19,'Thatcher',3);
INSERT INTO Families VALUES(20,'Macron',5);

--Customers
INSERT INTO CUSTOMERS VALUES (26,'Mark Obama',TO_DATE('01-12-1985','MM-DD-YYYY'),'Male','Married','Engineer','124-44-3319','Y','markO@gmail.com',12); 
INSERT INTO CUSTOMERS VALUES (27,'Tyler Jiping',TO_DATE('09-12-1995','MM-DD-YYYY'),'Male','Married','Nutritionist','125-44-3319','Y','tylerJ@gmail.com',11);
INSERT INTO CUSTOMERS VALUES (28,'Mark Zuckerburg',TO_DATE('10-15-2000','MM-DD-YYYY'),'Male','Married','Barkeeper','143-44-3319','Y','markZ@gmail.com',NULL);
INSERT INTO CUSTOMERS VALUES (29,'Jeremy Li',TO_DATE('01-25-2000','MM-DD-YYYY'),'Male','Married','Lifeguard','523-44-3319','Y','jeremyL@gmail.com',NULL);
INSERT INTO CUSTOMERS VALUES (30,'Michelle Trump',TO_DATE('08-16-1989','MM-DD-YYYY'),'Female','Married','Waiter','663-44-3319','Y','michelleT@gmail.com',13);
INSERT INTO CUSTOMERS VALUES (31,'Lindsey Roosevelt',TO_DATE('04-04-1981','MM-DD-YYYY'),'Female','Married','Politician','523-44-3319','Y','lindseyR@gmail.com',18);
INSERT INTO CUSTOMERS VALUES (32,'John Obama',TO_DATE('04-14-1984','MM-DD-YYYY'),'Male','Married','Professor','987-44-3319','Y','johnO@gmail.com',12);
INSERT INTO CUSTOMERS VALUES (33,'Karen Obama',TO_DATE('07-12-1969','MM-DD-YYYY'),'Female','Married','Teacher','705-44-3319','Y','karenO@gmail.com',12);
INSERT INTO CUSTOMERS VALUES (34,'Amanda Xiping',TO_DATE('02-25-1974','MM-DD-YYYY'),'Female','Married','Janitor','267-44-3319','Y','amandaX@gmail.com',11);
INSERT INTO CUSTOMERS VALUES (35,'Donald Obama',TO_DATE('05-18-1979','MM-DD-YYYY'),'Male','Married','Dentist','991-44-3319','Y','donaldO@gmail.com',12);
INSERT INTO CUSTOMERS VALUES (36,'Joe Obama',TO_DATE('11-19-1989','MM-DD-YYYY'),'Male','Married','Doctor','095-44-3319','Y','joeO@gmail.com',12);
INSERT INTO CUSTOMERS VALUES (37,'Henrick Trump',TO_DATE('12-12-1999','MM-DD-YYYY'),'Male','Married','Optometrist','498-44-3319','Y','henrickT@gmail.com',13);
INSERT INTO CUSTOMERS VALUES (38,'Giovanni Roosevelt',TO_DATE('08-14-1995','MM-DD-YYYY'),'Male','Married','Athlete','169-44-3319','Y','giovanR@gmail.com',18);
INSERT INTO CUSTOMERS VALUES (39,'Michael Roosevelt',TO_DATE('03-09-1962','MM-DD-YYYY'),'Male','Married','Analyst','696-44-3319','Y','michR@gmail.com',18);
INSERT INTO CUSTOMERS VALUES (40,'John Roosevelt',TO_DATE('05-16-1969','MM-DD-YYYY'),'Male','Married','Historian','969-44-3319','Y','johnR@gmail.com',18);
INSERT INTO CUSTOMERS VALUES (41,'Dick Roosevelt',TO_DATE('01-21-1989','MM-DD-YYYY'),'Male','Married','Mathematician','001-44-3319','Y','dickR@gmail.com',18);
INSERT INTO CUSTOMERS VALUES (42,'Camille Roosevelt',TO_DATE('05-25-1974','MM-DD-YYYY'),'Female','Married','Coach','058-44-3319','Y','camilleR@gmail.com',18);
INSERT INTO CUSTOMERS VALUES (43,'Hans Roosevelt',TO_DATE('08-12-1978','MM-DD-YYYY'),'Male','Married','Vetenarian','996-44-3319','Y','hansR@gmail.com',18);
INSERT INTO CUSTOMERS VALUES (44,'Ainar Halfal',TO_DATE('09-12-1992','MM-DD-YYYY'),'Female','Married','Construction Worker','508-44-3319','Y','ainarR@gmail.com',18);
INSERT INTO CUSTOMERS VALUES (45,'Miguel Kim',TO_DATE('10-20-1997','MM-DD-YYYY'),'Male','Married','Plumber','891-44-3319','Y','migualK@gmail.com',NULL);
INSERT INTO CUSTOMERS VALUES (46,'Takashi Hernandez',TO_DATE('11-29-1987','MM-DD-YYYY'),'Male','Married','Electrician','999-44-3319','Y','takashiH@gmail.com',NULL);
INSERT INTO CUSTOMERS VALUES (47,'Jose Zhao',TO_DATE('12-30-1980','MM-DD-YYYY'),'Male','Married','Exterminator','043-44-3319','Y','joseZ@gmail.com',NULL);
INSERT INTO CUSTOMERS VALUES (48,'Afafa Wang',TO_DATE('06-21-1990','MM-DD-YYYY'),'Female','Married','Firefighter','854-44-3319','Y','afafaW@gmail.com',NULL);
INSERT INTO CUSTOMERS VALUES (49,'Min Lopez',TO_DATE('01-30-2001','MM-DD-YYYY'),'Female','Married','Cashier','555-44-3319','Y','minL@gmail.com',NULL);
INSERT INTO CUSTOMERS VALUES (50,'Jesus Monet',TO_DATE('07-16-2002','MM-DD-YYYY'),'Male','Married','Policeman','666-44-3319','Y','jesusM@gmail.com',NULL);

--Addresses
INSERT INTO Addresses VALUES (26, 'Lantern Boulevard', '202', 'Broken Tree', 'HI', '20050');
INSERT INTO Addresses VALUES (27, 'Hill Avenue', '201', 'Georgetown', 'IO', '20054');
INSERT INTO Addresses VALUES (28, 'Broken Road', '200', 'Salt Lake City', 'FL', '19050');
INSERT INTO Addresses VALUES (29, 'Virginia Boulevard', '512', 'George City', 'CA', '98050');
INSERT INTO Addresses VALUES (30, 'English Avenue', '823', 'Kingston', 'NC', '20150');
INSERT INTO Addresses VALUES (31, 'Silk Road', '192', 'Kings Town', 'VA', '24980');
INSERT INTO Addresses VALUES (32, 'Silk Boulevard', '920', 'Sam City', 'ID', '98451');
INSERT INTO Addresses VALUES (33, '29th Street', '299', 'Cherryville', 'DE', '92759');
INSERT INTO Addresses VALUES (34, 'Broken Street', '262', 'Georgeville', 'RI', '17306');
INSERT INTO Addresses VALUES (35, '30th Boulevard', '289', 'Bush Town', 'NY', '01735');
INSERT INTO Addresses VALUES (36, 'Franklin Street', '892', 'Little Village', 'VA', '10275');
INSERT INTO Addresses VALUES (37, 'Lisp Street', '771', 'Queenstown', 'AL', '38506');
INSERT INTO Addresses VALUES (38, 'Tree Road', '647', 'Prince City', 'AK', '57102');
INSERT INTO Addresses VALUES (39, 'Blade Boulevard', '290', 'Lansing', 'OK', '91057');
INSERT INTO Addresses VALUES (40, 'Boulder Road', '430', 'Eastville', 'AZ', '58260');
INSERT INTO Addresses VALUES (41, 'Ladder Boulevard', '692', 'Madrid', 'NV', '01759');
INSERT INTO Addresses VALUES (42, 'Underwater Avenue', '420', 'Helsing', 'VA', '78520');
INSERT INTO Addresses VALUES (43, 'Oceanic Street', '696', 'Irving', 'WV', '01728');
INSERT INTO Addresses VALUES (44, 'Nighlight Avenue', '443', 'Jakarta', 'MD', '29601');
INSERT INTO Addresses VALUES (45, 'Riverside Boulevard', '758', 'Suva', 'MD', '23051');
INSERT INTO Addresses VALUES (46, 'Daredevil Avenue', '888', 'Grapeton', 'ME', '10287');
INSERT INTO Addresses VALUES (47, 'Lightning Street', '246', 'Jokerville', 'MA', '01935');
INSERT INTO Addresses VALUES (48, 'Volcano Avenue', '826', 'Detroit', 'CT', '01835');
INSERT INTO Addresses VALUES (49, 'Rainbow Road', '784', 'Rockton', 'TX', '38574');
INSERT INTO Addresses VALUES (50, 'Rocky Avenue', '567', 'Mountain City', 'TX', '29574');
INSERT INTO Addresses VALUES (50, 'Lee Avenue', '116', 'Almaty', 'MI', '99274');
INSERT INTO Addresses VALUES (45, 'Hofstra Road', '884', 'Old York City', 'DE', '10294');
INSERT INTO Addresses VALUES (32, 'University Boulevard', '339', 'Elderville', 'HI', '93056');
INSERT INTO Addresses VALUES (31, 'Mountain Drive', '378', 'Treeton', 'AK', '20195');
INSERT INTO Addresses VALUES (28, 'Darkside Drive', '498', 'Cosmos City', 'CA', '02995');


--Phone Numbers
INSERT INTO Phones VALUES (26, '18205263286', 'Home');
INSERT INTO Phones VALUES (27, '18209263286', 'Cell');
INSERT INTO Phones VALUES (28, '18207563286', 'Cell');
INSERT INTO Phones VALUES (29, '18205098286', 'Work');
INSERT INTO Phones VALUES (30, '18205748206', 'Home');
INSERT INTO Phones VALUES (31, '11984263286', 'Home');
INSERT INTO Phones VALUES (32, '18205102986', 'Home');
INSERT INTO Phones VALUES (33, '11928263286', 'Work');
INSERT INTO Phones VALUES (34, '18205102286', 'Cell');
INSERT INTO Phones VALUES (35, '12048580218', 'Cell');
INSERT INTO Phones VALUES (36, '12948194886', 'Cell');
INSERT INTO Phones VALUES (37, '18205809586', 'Work');
INSERT INTO Phones VALUES (38, '18205210286', 'Work');
INSERT INTO Phones VALUES (39, '18208449586', 'Home');
INSERT INTO Phones VALUES (40, '18120933986', 'Cell');
INSERT INTO Phones VALUES (41, '12038124086', 'Home');
INSERT INTO Phones VALUES (42, '18205263292', 'Cell');
INSERT INTO Phones VALUES (43, '18205381492', 'Home');
INSERT INTO Phones VALUES (44, '18201233286', 'Home');
INSERT INTO Phones VALUES (45, '18589163286', 'Work');
INSERT INTO Phones VALUES (46, '12931263286', 'Work');
INSERT INTO Phones VALUES (47, '19402943286', 'Work');
INSERT INTO Phones VALUES (48, '18205268312', 'Home');
INSERT INTO Phones VALUES (49, '18205262938', 'Cell');
INSERT INTO Phones VALUES (50, '18201293036', 'Cell');


--Login
INSERT INTO Login VALUES (26, 'markobama', 'r79h*2s');
INSERT INTO Login VALUES (27, 'tylerjin', 'r79*HJH2s');
INSERT INTO Login VALUES (28, 'markzuck', 'ru*SA83@');
INSERT INTO Login VALUES (29, 'jeremyl', 'r72S8U*@');
INSERT INTO Login VALUES (30, 'michellet', 'sut32*DS');
INSERT INTO Login VALUES (31, 'lindseyroose', '39DU(a');
INSERT INTO Login VALUES (32, 'johnobaman', ')@d0d9js');
INSERT INTO Login VALUES (33, 'karenobam', 'dksas(@I2s');
INSERT INTO Login VALUES (34, 'amandaxi', 'do)I#*2dju8');
INSERT INTO Login VALUES (35, 'donaldobaman', '3298DSUi9ds2@');
INSERT INTO Login VALUES (36, 'joebama', 'l@$sLDAJ');
INSERT INTO Login VALUES (37, 'henricktru', 'DOU#@_(dki');
INSERT INTO Login VALUES (38, 'giovanroose', 'jy0ijsh0#*H');
INSERT INTO Login VALUES (39, 'michaelroose', '93uHF)*ES');
INSERT INTO Login VALUES (40, 'johnroose', '019u7U)*SDAY');
INSERT INTO Login VALUES (41, 'dckroose', '31980HYDS0ds');
INSERT INTO Login VALUES (42, 'camillroose', 'f08yh93Y(#HW');
INSERT INTO Login VALUES (43, 'hasnroose', '190uFUES)*Y)*Ffs');
INSERT INTO Login VALUES (44, 'ainarhalf', '810f80h8dsh0h');
INSERT INTO Login VALUES (45, 'miguelkim', 'ry8u21*@*d');
INSERT INTO Login VALUES (46, 'takashihern', '39UFJiufs8eu8*#');
INSERT INTO Login VALUES (47, 'josezhao', 'fdj298#(Hsdf');
INSERT INTO Login VALUES (48, 'afafawang', '1kjroj*#9uf9832');
INSERT INTO Login VALUES (49, 'minlopez', 'djfsu379#798');
INSERT INTO Login VALUES (50, 'jesusmonet', 'uw088y*@Y08hyds');


--Point Accounts
INSERT INTO Point_Accounts VALUES ('p26', 129, 12, 51, 26);
INSERT INTO Point_Accounts VALUES ('p27', 301, 11, 50, 27);
INSERT INTO Point_Accounts VALUES ('p28', 55, null, 25, 28);
INSERT INTO Point_Accounts VALUES ('p29', 45, null, 20, 29);
INSERT INTO Point_Accounts VALUES ('p30', 509, 13, 75, 30);
INSERT INTO Point_Accounts VALUES ('p31', 800, 18, 95, 31);
INSERT INTO Point_Accounts VALUES ('p32', 400, 12, 20, 32);
INSERT INTO Point_Accounts VALUES ('p33', 168, 12, 65, 33);
INSERT INTO Point_Accounts VALUES ('p34', 420, 11, 40, 34);
INSERT INTO Point_Accounts VALUES ('p35', 168, 12, 22, 35);
INSERT INTO Point_Accounts VALUES ('p36', 170, 12, 46, 36);
INSERT INTO Point_Accounts VALUES ('p37', 68, 13, 68, 37);
INSERT INTO Point_Accounts VALUES ('p38', 42, 18, 42, 38);
INSERT INTO Point_Accounts VALUES ('p39', 505, 18, 50, 39);
INSERT INTO Point_Accounts VALUES ('p40', 305, 18, 59, 40);
INSERT INTO Point_Accounts VALUES ('p41', 460, 18, 12, 41);
INSERT INTO Point_Accounts VALUES ('p42', 355, 18, 9, 42);
INSERT INTO Point_Accounts VALUES ('p43', 500, 18, 40, 43);
INSERT INTO Point_Accounts VALUES ('p44', 160, null, 69, 44);
INSERT INTO Point_Accounts VALUES ('p45', 190, null, 51, 45);
INSERT INTO Point_Accounts VALUES ('p46', 250, null, 33, 46);
INSERT INTO Point_Accounts VALUES ('p47', 310, null, 40, 47);
INSERT INTO Point_Accounts VALUES ('p48', 290, null, 22, 48);
INSERT INTO Point_Accounts VALUES ('p49', 375, null, 61, 49);
INSERT INTO Point_Accounts VALUES ('p50', 605, null, 51, 50);



--Cards
INSERT INTO Cards VALUES('c26',TO_DATE('01-01-2028','MM-DD-YYYY'),'V',TO_DATE('09-21-2021','MM-DD-YYYY'),26);
INSERT INTO Cards VALUES('c27',TO_DATE('01-01-2028','MM-DD-YYYY'),'V',TO_DATE('09-21-2021','MM-DD-YYYY'),27);
INSERT INTO Cards VALUES('c28',TO_DATE('01-01-2028','MM-DD-YYYY'),'V',TO_DATE('09-21-2021','MM-DD-YYYY'),28);
INSERT INTO Cards VALUES('c29',TO_DATE('08-01-2028','MM-DD-YYYY'),'V',TO_DATE('09-21-2021','MM-DD-YYYY'),29);
INSERT INTO Cards VALUES('c30',TO_DATE('08-01-2028','MM-DD-YYYY'),'V',TO_DATE('09-21-2021','MM-DD-YYYY'),30);
INSERT INTO Cards VALUES('c31',TO_DATE('08-01-2029','MM-DD-YYYY'),'V',TO_DATE('09-21-2021','MM-DD-YYYY'),31);
INSERT INTO Cards VALUES('c32',TO_DATE('08-01-2029','MM-DD-YYYY'),'V',TO_DATE('09-21-2021','MM-DD-YYYY'),32);
INSERT INTO Cards VALUES('c33',TO_DATE('04-01-2029','MM-DD-YYYY'),'V',TO_DATE('09-21-2021','MM-DD-YYYY'),33);
INSERT INTO Cards VALUES('c34',TO_DATE('01-01-2029','MM-DD-YYYY'),'V',TO_DATE('09-21-2021','MM-DD-YYYY'),34);
INSERT INTO Cards VALUES('c35',TO_DATE('04-01-2029','MM-DD-YYYY'),'V',TO_DATE('09-21-2021','MM-DD-YYYY'),35);
INSERT INTO Cards VALUES('c36',TO_DATE('04-01-2030','MM-DD-YYYY'),'V',TO_DATE('09-21-2021','MM-DD-YYYY'),36);
INSERT INTO Cards VALUES('c37',TO_DATE('01-01-2030','MM-DD-YYYY'),'V',TO_DATE('09-21-2021','MM-DD-YYYY'),37);
INSERT INTO Cards VALUES('c38',TO_DATE('01-01-2030','MM-DD-YYYY'),'V',TO_DATE('09-21-2021','MM-DD-YYYY'),38);
INSERT INTO Cards VALUES('c39',TO_DATE('05-01-2030','MM-DD-YYYY'),'V',TO_DATE('09-21-2021','MM-DD-YYYY'),39);
INSERT INTO Cards VALUES('c40',TO_DATE('05-01-2030','MM-DD-YYYY'),'V',TO_DATE('09-21-2021','MM-DD-YYYY'),40);
INSERT INTO Cards VALUES('c41',TO_DATE('05-01-2030','MM-DD-YYYY'),'V',TO_DATE('09-21-2021','MM-DD-YYYY'),41);
INSERT INTO Cards VALUES('c42',TO_DATE('05-01-2031','MM-DD-YYYY'),'V',TO_DATE('09-21-2021','MM-DD-YYYY'),42);
INSERT INTO Cards VALUES('c43',TO_DATE('07-01-2031','MM-DD-YYYY'),'V',TO_DATE('09-21-2021','MM-DD-YYYY'),43);
INSERT INTO Cards VALUES('c44',TO_DATE('07-01-2031','MM-DD-YYYY'),'V',TO_DATE('09-21-2021','MM-DD-YYYY'),44);
INSERT INTO Cards VALUES('c45',TO_DATE('07-01-2031','MM-DD-YYYY'),'V',TO_DATE('09-21-2021','MM-DD-YYYY'),45);
INSERT INTO Cards VALUES('c46',TO_DATE('01-01-2031','MM-DD-YYYY'),'V',TO_DATE('09-21-2021','MM-DD-YYYY'),46);
INSERT INTO Cards VALUES('c47',TO_DATE('10-01-2032','MM-DD-YYYY'),'V',TO_DATE('09-21-2021','MM-DD-YYYY'),47);
INSERT INTO Cards VALUES('c48',TO_DATE('10-01-2032','MM-DD-YYYY'),'V',TO_DATE('09-21-2021','MM-DD-YYYY'),48);
INSERT INTO Cards VALUES('c49',TO_DATE('10-01-2032','MM-DD-YYYY'),'V',TO_DATE('09-21-2021','MM-DD-YYYY'),49);
INSERT INTO Cards VALUES('c50',TO_DATE('10-01-2032','MM-DD-YYYY'),'V',TO_DATE('09-21-2021','MM-DD-YYYY'),50);

--Offers
INSERT INTO Offers VALUES('o6','25percentoff',TO_DATE('07-12-2023','MM-DD-YYYY'),'get 25 percent off');
INSERT INTO Offers VALUES('o7','50percentoff',TO_DATE('10-15-2023','MM-DD-YYYY'),'get 50 percent off');
INSERT INTO Offers VALUES('o8','buy2get2free',TO_DATE('12-12-2023','MM-DD-YYYY'),'buy 2 get 2 free');
INSERT INTO Offers VALUES('o9','50percenttuesdays',TO_DATE('01-05-2023','MM-DD-YYYY'),'50 percent off on tuesdays');
INSERT INTO Offers VALUES('o10','25percentsaturdays',TO_DATE('02-25-2023','MM-DD-YYYY'),'25 percent off on saturdays');


--Branches
INSERT INTO Branches VALUES('b4', 'Prince William Branch', '9am to 11pm', 'Woodbridge');
INSERT INTO Branches VALUES('b5', 'Lancaster Branch', '11am to 11pm', 'Lancaster');
INSERT INTO Branches VALUES('b6', 'Roanoke Branch', '1pm to 01pm', 'Roanoke'); 


--Offers_Branches
INSERT INTO Offers_Branches VALUES('o6','b4');
INSERT INTO Offers_Branches VALUES('o7','b5');
INSERT INTO Offers_Branches VALUES('o8','b4');
INSERT INTO Offers_Branches VALUES('o9','b5');
INSERT INTO Offers_Branches VALUES('o10','b6');


--Prizes
INSERT INTO Prizes VALUES(11, 800,'win a free laptop');
INSERT INTO Prizes VALUES(12, 10,'win a free pencil set');
INSERT INTO Prizes VALUES(13, 500,'win a dvd box set');
INSERT INTO Prizes VALUES(14, 15,'free notebook');
INSERT INTO Prizes VALUES(15, 15000,'cruise trip to nowhere');

--Redemption_History
INSERT INTO Redemption_History VALUES(11,11,TO_DATE('01-12-2022','MM-DD-YYYY'),1,'p11',1);
INSERT INTO Redemption_History VALUES(12,9,TO_DATE('03-12-2022','MM-DD-YYYY'),3,'p12',1);
INSERT INTO Redemption_History VALUES(13,8,TO_DATE('05-17-2022','MM-DD-YYYY'),1,'p13',2);
INSERT INTO Redemption_History VALUES(14,4,TO_DATE('07-12-2022','MM-DD-YYYY'),2,'p14',2);
INSERT INTO Redemption_History VALUES(15,5,TO_DATE('10-12-2022','MM-DD-YYYY'),1,'p15',3);
--
INSERT INTO Redemption_History VALUES(16,6,TO_DATE('08-27-2022','MM-DD-YYYY'),1,'p16',4);
INSERT INTO Redemption_History VALUES(17,12,TO_DATE('05-02-2022','MM-DD-YYYY'),1,'p17',5);
INSERT INTO Redemption_History VALUES(18,13,TO_DATE('05-12-2022','MM-DD-YYYY'),1,'p18',4);
INSERT INTO Redemption_History VALUES(19,15,TO_DATE('03-12-2022','MM-DD-YYYY'),2,'p19',4);
INSERT INTO Redemption_History VALUES(20,14,TO_DATE('05-17-2022','MM-DD-YYYY'),1,'p20',5);
--10
